id,publication_claim,exact_primary_location,detailed_audit_location,supporting_checks_or_reasoning,this_followup_status,verdict,scope_limit,primary_url
S01,Standing scope and conventions,Barei §2 p.2; GP §3 p.600 / PDF p.4,Detailed audit p.2,Fresh primary PDFs and source comparison,New source recheck; same scope as earlier audit,"Algebraically closed field, finite dimension, bilinear generally nonassociative multiplication; numeric example over C",No unrestricted-field or characteristic-two extension of the numeric counterexample,https://ai.meta.com/research/publications/on-solvable-evolution-algebras-and-a-conjecture-by-garcia-martinez-and-perez-rodriguez/
M01,Counterexample nonsolvable and complex idempotent-free,Barei Example 2.1 pp.2–3; GP Conjecture 3.6 p.602 / PDF p.6,Detailed audit p.3,C01–C03; recheck proof P01,New rerun and elimination review; conclusion carried forward,"SUPPORTED: dimensions [3,2,2]; two forced x branches; only zero solution","Complex solution completeness comes from the analytic branch argument, not sampling",https://ai.meta.com/research/publications/on-solvable-evolution-algebras-and-a-conjecture-by-garcia-martinez-and-perez-rodriguez/
M02,Lemma 3.1 greatest perfect subspace,Barei Lemma 3.1 p.3; descent §2 p.2,Detailed audit p.4,Proof review P02; C02 checks example only,New proof review; conclusion carried forward,"SUPPORTED: descent, finite stabilization and monotone inclusion",No natural basis needed; finite dimension is used for stabilization,https://ai.meta.com/research/publications/on-solvable-evolution-algebras-and-a-conjecture-by-garcia-martinez-and-perez-rodriguez/
M03,Theorem 3.2 replacement characterization,Barei Theorem 3.2 p.3,Detailed audit p.4,Proof review P02; Lemma 3.1,New proof review; conclusion carried forward,SUPPORTED: solvable iff D=0 iff no nonzero perfect subspace,Elementary structural consequence; code does not prove the universal equivalence,https://ai.meta.com/research/publications/on-solvable-evolution-algebras-and-a-conjecture-by-garcia-martinez-and-perez-rodriguez/
M04,Theorem 3.3 existence characterization and explicit dependency,Barei Theorem 3.3 p.3; LT Theorem 2.1 p.2; Lemma 3.2 pp.4–5; proof p.5,Detailed audit p.5,Proof review P03; LT primary proof; Vakil exercise1.8 p.4 and §1.10 p.6,Fresh LT/V PDFs and new dependency review; alternative proof carried forward,SUPPORTED over algebraically closed fields in every characteristic,Classical geometric theorem reviewed mathematically; exact Harris locator remains unresolved; no formal machine proof,https://arxiv.org/pdf/1403.4623
M05,Corollary 3.4 sufficient condition,Barei Corollary 3.4 pp.3–4,Detailed audit p.6,Proof review P04; apply LT directly to D,New proof review; conclusion carried forward,"SUPPORTED: under N(D)={0}, solvability iff absence of nonzero idempotents","Sufficient condition, not a necessary condition for equivalence in each algebra",https://ai.meta.com/research/publications/on-solvable-evolution-algebras-and-a-conjecture-by-garcia-martinez-and-perez-rodriguez/
M06,Remark 3.6 implies Hu–Wen criterion,Barei Remark 3.6 p.4 and concurrent-work paragraph p.2; HW Proposition 2.8 p.6,Detailed audit p.6,Proof review P04; independent natural-basis squares,New primary-source and proof review; conclusion carried forward,SUPPORTED: D evolution and D²=D force N(D)={0},Natural basis is for D itself; implication alone does not establish strictness,https://arxiv.org/pdf/2609.25023
M07,Strict enlargement through four-dimensional witness,Audit construction; Barei Corollary 3.4 pp.3–4 compared with HW Proposition 2.8 p.6,Detailed audit p.8,"C05–C06; proof review P06; exact embedding, square-zero argument and commutator obstruction",Witness constructed in earlier audit; data rerun and argument reviewed now,SUPPORTED over C: N(D)={0} while D has no natural basis,C06 computes finite obstruction data; universal no-natural-basis implication and square-zero completeness are separately reasoned. Historical novelty unresolved,https://arxiv.org/pdf/2609.25023
M08,Same isomorphism class as Hu–Wen exceptional example,Barei Example 2.1 pp.2–3; HW Theorem 2.1 / Corollary 2.2 p.3 and Remark 2.5 matrix p.4,Detailed audit p.7,C04; proof review P05; 9 product identities and invertible signed permutation,New rerun and re-derived square comparison; conclusion carried forward,"SUPPORTED: e1→−h2, e2→h3, e3→−h1","No inference about copying, training exposure or independent discovery",https://arxiv.org/pdf/2609.25023
N01,Novelty qualification,HW counterexample p.3; LT Theorem2.1 p.2; Barei Corollary3.4 pp.3–4,Detailed audit pp.7–10,"M04, M06–M08 plus disclosed literature scope",Conclusion carried forward and rechecked within named sources,Same class relative to HW; older existence ingredient; strict sufficient-condition extension confirmed,No exhaustive literature search or first-discovery certification,https://arxiv.org/pdf/1403.4623
A01,Author-reported Muse Spark collaboration and named review,Barei title and Statement of AI Use p.1; Meta announcement sixth-paper section,Detailed audit p.10,Fresh source read; no interaction records provided,New source recheck; evidence boundary carried forward,SOURCE ASSERTION: attributed model help; human checking; Nicolás Jaramillo Torres named,"No independent reconstruction of causal contribution, prompts or version history; no endorsement implied",https://research.meta.ai/blog/solving-open-research-problems-together
O01,Actual unchanged-checker rerun,evidence/run_log_rechecked.txt; evidence/results_rechecked.json,Detailed audit p.11 describes original run,Python3.12.14; 0 exit; 11 PASS; records match archived results,New execution at 2026-10-03T15:04:32 UTC,SUPPORTED finite computation and stated branch-check scope,Not a second independent reviewer or proof-assistant verification,
O02,Source and artifact integrity,evidence/RECHECK_RECORD.json; evidence/sources_rechecked.json; earlier SHA256SUMS.txt in archive,Detailed audit p.12 and prior source manifest,Seven archive file hashes; ZIP CRC; fresh five central source PDFs match previous hashes,New byte comparisons,SUPPORTED identities and rerun consistency,"Hash equality does not prove correctness, authorship or origin; standalone/archive PDF variants recorded separately",
U01,Remark 3.5 and unresolved external records,Barei Remark3.5 p.4; Harris reference p.4; HW Remark2.5 pp.4–5,"Detailed audit pp.6–7,12",Earlier retrieval limits retained; no new claim of resolution,Carried forward limitation,"UNRESOLVED search question, exact Harris page, older-classification row, global priority, chronology, interaction records",No universal claim inferred from a reported unsuccessful search,https://ai.meta.com/research/publications/on-solvable-evolution-algebras-and-a-conjecture-by-garcia-martinez-and-perez-rodriguez/
